product_slug;variant_name;sku;tone_code;tone_name;units;volume_ml;mass_g;sell_price;cost_price;physical_stock;available_on_demand
ani-k-pestanina-brown-paradise;Único;BRV-ANI-P001;;;;;;18000;18000;0;FALSE
ani-k-gel-fijador-de-cejas-freeze-babes;Único;BRV-ANI-P002;;;;;;18000;18000;0;FALSE
ani-k-polvo-suelto;01 Carlota;BRV-ANI-P003;1;Carlota;;;;32000;32000;0;FALSE
ani-k-polvo-suelto;02 Scarlett;BRV-ANI-P004;2;Scarlett;;;;32000;32000;0;FALSE
ani-k-polvo-suelto;03 Confetti;BRV-ANI-P005;3;Confetti;;;;32000;32000;0;FALSE
ani-k-polvo-suelto;04 Cinnamon;BRV-ANI-P006;4;Cinnamon;;;;32000;32000;0;FALSE
ani-k-corrector-de-ojeras;00 Snow;BRV-ANI-P007;0;Snow;;;;18000;18000;0;FALSE
ani-k-corrector-de-ojeras;01 Bone;BRV-ANI-P008;1;Bone;;;;18000;18000;0;FALSE
ani-k-corrector-de-ojeras;02 Radiant;BRV-ANI-P009;2;Radiant;;;;18000;18000;0;FALSE
ani-k-corrector-de-ojeras;03 Honey;BRV-ANI-P010;3;Honey;;;;18000;18000;0;FALSE
ani-k-corrector-de-ojeras;04 Ginger;BRV-ANI-P011;4;Ginger;;;;18000;18000;0;FALSE
ani-k-corrector-de-ojeras;05 Golden Brown;BRV-ANI-P012;5;Golden Brown;;;;18000;18000;0;FALSE
ani-k-beauty-blender;Único;BRV-ANI-P013;;;;;;6000;6000;0;FALSE
ani-k-borla-x2;Único;BRV-ANI-P014;;;;;;6000;6000;0;FALSE
atenea-lipstick-balm;Cinematic;BRV-ATE-P001;;Cinematic;;;;34000;34000;0;FALSE
atenea-lipstick-balm;Amaretto;BRV-ATE-P002;;Amaretto;;;;34000;34000;0;FALSE
atenea-lipstick-balm;Spotlight;BRV-ATE-P003;;Spotlight;;;;34000;34000;0;FALSE
atenea-lipstick-balm;Summer Wine;BRV-ATE-P004;;Summer Wine;;;;34000;34000;0;FALSE
atenea-lipstick-balm;Pink Parade;BRV-ATE-P005;;Pink Parade;;;;34000;34000;0;FALSE
atenea-lipstick-balm;Whisper;BRV-ATE-P006;;Whisper;;;;34000;34000;0;FALSE
atenea-bronzer-cremoso;Terranova;BRV-ATE-P007;;Terranova;;;;33000;33000;0;FALSE
atenea-bronzer-cremoso;Tosted Coconut;BRV-ATE-P008;;Tosted Coconut;;;;33000;33000;0;FALSE
atenea-rubor-cremoso;Pink Chai;BRV-ATE-P009;;Pink Chai;;;;34000;34000;0;FALSE
atenea-rubor-cremoso;Sugar Plum;BRV-ATE-P010;;Sugar Plum;;;;34000;34000;0;FALSE
atenea-rubor-cremoso;Cherry Pie;BRV-ATE-P011;;Cherry Pie;;;;34000;34000;0;FALSE
atenea-rubor-cremoso;Scarlet Fever;BRV-ATE-P012;;Scarlet Fever;;;;34000;34000;0;FALSE
atenea-rubor-sublime;Coral Glow;BRV-ATE-P013;;Coral Glow;;;;22000;22000;0;FALSE
atenea-rubor-sublime;Aurora;BRV-ATE-P014;;Aurora;;;;22000;22000;0;FALSE
atenea-rubor-sublime;Peachy Keen;BRV-ATE-P015;;Peachy Keen;;;;22000;22000;0;FALSE
atenea-rubor-sublime;Dusk Petal;BRV-ATE-P016;;Dusk Petal;;;;22000;22000;0;FALSE
atenea-rubor-sublime;Radiant Rose;BRV-ATE-P017;;Radiant Rose;;;;22000;22000;0;FALSE
atenea-rubor-sublime;Rosy Coral;BRV-ATE-P018;;Rosy Coral;;;;22000;22000;0;FALSE
atenea-rubor-sublime;Smooth Pink;BRV-ATE-P019;;Smooth Pink;;;;22000;22000;0;FALSE
atenea-paleta-essential;Único;BRV-ATE-P020;;;;;;38000;38000;0;FALSE
atenea-paleta-rose-sublime;Único;BRV-ATE-P021;;;;;;43000;43000;0;FALSE
atenea-serum-tinted;Cream;BRV-ATE-P022;;Cream;;;;52000;52000;0;FALSE
atenea-serum-tinted;Vainilla;BRV-ATE-P023;;Vainilla;;;;52000;52000;0;FALSE
atenea-serum-tinted;Almond;BRV-ATE-P024;;Almond;;;;52000;52000;0;FALSE
atenea-serum-tinted;Olive;BRV-ATE-P025;;Olive;;;;52000;52000;0;FALSE
atenea-serum-tinted;Temple;BRV-ATE-P026;;Temple;;;;52000;52000;0;FALSE
atenea-serum-tinted;Sand;BRV-ATE-P027;;Sand;;;;52000;52000;0;FALSE
atenea-paleta-classic;Único;BRV-ATE-P028;;;;;;92000;92000;0;FALSE
atenea-paleta-art-deco;Único;BRV-ATE-P029;;;;;;43000;43000;0;FALSE
atenea-lip-balm-peptidos;Sweet Vanilla;BRV-ATE-P030;;Sweet Vanilla;;;;28000;28000;0;FALSE
atenea-lip-balm-peptidos;Cool Mint;BRV-ATE-P031;;Cool Mint;;;;28000;28000;0;FALSE
atenea-lip-balm-peptidos;Pink Sugar;BRV-ATE-P032;;Pink Sugar;;;;28000;28000;0;FALSE
atenea-lip-balm-peptidos;Cherry Spark;BRV-ATE-P033;;Cherry Spark;;;;28000;28000;0;FALSE
atenea-lip-balm-peptidos;Hot Chocolate;BRV-ATE-P034;;Hot Chocolate;;;;28000;28000;0;FALSE
atenea-polvo-suelto-translucido;Único;BRV-ATE-P035;;;;;;56000;56000;0;FALSE
atenea-click-lipstick;Opal;BRV-ATE-P036;;Opal;;;;20000;20000;0;FALSE
atenea-click-lipstick;Indian Red;BRV-ATE-P037;;Indian Red;;;;20000;20000;0;FALSE
atenea-click-lipstick;Mulberry;BRV-ATE-P038;;Mulberry;;;;20000;20000;0;FALSE
atenea-click-lipstick;Cocoa;BRV-ATE-P039;;Cocoa;;;;20000;20000;0;FALSE
atenea-click-lipstick;Mahogany;BRV-ATE-P040;;Mahogany;;;;20000;20000;0;FALSE
atenea-click-lipstick;Melon;BRV-ATE-P041;;Melon;;;;20000;20000;0;FALSE
atenea-click-lipstick;Pizzazz;BRV-ATE-P042;;Pizzazz;;;;20000;20000;0;FALSE
atenea-click-lipstick;Amber;BRV-ATE-P043;;Amber;;;;20000;20000;0;FALSE
atenea-click-lipstick;Mauvelous;BRV-ATE-P044;;Mauvelous;;;;20000;20000;0;FALSE
atenea-click-lipstick;Bittersweet;BRV-ATE-P045;;Bittersweet;;;;20000;20000;0;FALSE
atenea-click-lipstick;Burnt Sienna;BRV-ATE-P046;;Burnt Sienna;;;;20000;20000;0;FALSE
atenea-polvo-en-gel-matificante;Único;BRV-ATE-P047;;;;;;38000;38000;0;FALSE
atenea-polvo-suelto-rosado;Único;BRV-ATE-P048;;;;;;28000;28000;0;FALSE
atenea-algodon-luxury-desmaquillante;180 unidades;BRV-ATE-P049;;;180;;;16000;16000;0;FALSE
atenea-desinfectante-en-spray;Azul - Ocean Petal;BRV-ATE-P050;;Azul - Ocean Petal;;;;15000;15000;0;FALSE
atenea-desinfectante-en-spray;Verde - Lemon Breeze;BRV-ATE-P051;;Verde - Lemon Breeze;;;;15000;15000;0;FALSE
atenea-desinfectante-en-spray;Rosado - Watermelon;BRV-ATE-P052;;Rosado - Watermelon;;;;15000;15000;0;FALSE
bloomshell-corrector-my-concealer;00 Light 10 ml;BRV-BLO-P001;0;Light;;10;;18000;18000;0;FALSE
bloomshell-corrector-my-concealer;01 Natural 10 ml;BRV-BLO-P002;1;Natural;;10;;18000;18000;0;FALSE
bloomshell-corrector-my-concealer;02 Beige 10 ml;BRV-BLO-P003;2;Beige;;10;;18000;18000;0;FALSE
bloomshell-corrector-my-concealer;03 Vainilla 10 ml;BRV-BLO-P004;3;Vainilla;;10;;18000;18000;0;FALSE
bloomshell-corrector-my-concealer;04 Ivory 10 ml;BRV-BLO-P005;4;Ivory;;10;;18000;18000;0;FALSE
bloomshell-corrector-my-concealer;05 Espress 10 ml;BRV-BLO-P006;5;Espress;;10;;18000;18000;0;FALSE
bloomshell-corrector-my-concealer;06 Orange 10 ml;BRV-BLO-P007;6;Orange;;10;;18000;18000;0;FALSE
bloomshell-corrector-my-concealer;08 Cocoa 10 ml;BRV-BLO-P008;8;Cocoa;;10;;18000;18000;0;FALSE
bloomshell-corrector-my-concealer;09 Lila 10 ml;BRV-BLO-P009;9;Lila;;10;;18000;18000;0;FALSE
bloomshell-corrector-my-concealer;5.5 Desert 10 ml;BRV-BLO-P010;5.5;Desert;;10;;18000;18000;0;FALSE
bloomshell-bloom-capuchic;Único;BRV-BLO-P011;;;;;;13000;13000;0;FALSE
bloomshell-bloom-fix;Único;BRV-BLO-P012;;;;;;35000;35000;0;FALSE
bloomshell-llavero-brillo-hidratante-y-tinta;Único;BRV-BLO-P013;;;;;;24000;24000;0;FALSE
bloomshell-bloom-lamination;Único;BRV-BLO-P014;;;;;;20000;20000;0;FALSE
montoc-corrector-serum-humide;100;BRV-MON-P001;100;;;;;18000;18000;0;FALSE
montoc-corrector-serum-humide;200;BRV-MON-P002;200;;;;;18000;18000;0;FALSE
montoc-corrector-serum-humide;300;BRV-MON-P003;300;;;;;18000;18000;0;FALSE
montoc-corrector-serum-humide;400;BRV-MON-P004;400;;;;;18000;18000;0;FALSE
montoc-corrector-serum-humide;500;BRV-MON-P005;500;;;;;18000;18000;0;FALSE
montoc-corrector-serum-humide;600;BRV-MON-P006;600;;;;;18000;18000;0;FALSE
montoc-corrector-serum-humide;700;BRV-MON-P007;700;;;;;18000;18000;0;FALSE
montoc-corrector-serum-humide;800;BRV-MON-P008;800;;;;;18000;18000;0;FALSE
montoc-corrector-serum-humide;900;BRV-MON-P009;900;;;;;18000;18000;0;FALSE
montoc-corrector-serum-humide;920;BRV-MON-P010;920;;;;;18000;18000;0;FALSE
montoc-corrector-serum-humide;940;BRV-MON-P011;940;;;;;18000;18000;0;FALSE
montoc-set-x2-tinta-corrector;Base 300 + Corrector 500;BRV-MON-P012;;Base 300 + Corrector 500;;;;50000;50000;0;FALSE
montoc-set-x2-tinta-corrector;Base 700 + Corrector 600;BRV-MON-P013;;Base 700 + Corrector 600;;;;50000;50000;0;FALSE
montoc-tinta-healthy-foundation;100;BRV-MON-P014;100;;;;;45000;45000;0;FALSE
montoc-tinta-healthy-foundation;200;BRV-MON-P015;200;;;;;45000;45000;0;FALSE
montoc-tinta-healthy-foundation;300;BRV-MON-P016;300;;;;;45000;45000;0;FALSE
montoc-tinta-healthy-foundation;400;BRV-MON-P017;400;;;;;45000;45000;0;FALSE
montoc-tinta-healthy-foundation;500;BRV-MON-P018;500;;;;;45000;45000;0;FALSE
montoc-tinta-healthy-foundation;600;BRV-MON-P019;600;;;;;45000;45000;0;FALSE
montoc-tinta-healthy-foundation;700;BRV-MON-P020;700;;;;;45000;45000;0;FALSE
montoc-rubor-liquido-glow-filter;1.5 Durazno;BRV-MON-P021;1.5;Durazno;;;;32000;32000;0;FALSE
montoc-rubor-liquido-glow-filter;3.0 Pitaya;BRV-MON-P022;3.0;Pitaya;;;;32000;32000;0;FALSE
montoc-fijador-dixy-fix;30 ml;BRV-MON-P023;;;;30;;20000;20000;0;FALSE
montoc-fijador-dixy-fix;80 ml;BRV-MON-P024;;;;80;;32000;32000;0;FALSE
montoc-fijador-dixy-fix;200 ml;BRV-MON-P025;;;;200;;70000;70000;0;FALSE
montoc-paleta-de-sombras-harmony;Iris;BRV-MON-P026;;Iris;;;;32000;32000;0;FALSE
montoc-paleta-de-sombras-harmony;Dalia;BRV-MON-P027;;Dalia;;;;32000;32000;0;FALSE
montoc-paleta-de-sombras-harmony;Roset;BRV-MON-P028;;Roset;;;;32000;32000;0;FALSE
girly-polvo-suelto;01 Banana;BRV-GIR-P001;1;Banana;;;;33000;33000;0;FALSE
girly-polvo-suelto;02 Translúcido;BRV-GIR-P002;2;Translúcido;;;;33000;33000;0;FALSE
girly-polvo-suelto;03 Rosado;BRV-GIR-P003;3;Rosado;;;;33000;33000;0;FALSE
girly-tonico-facial-con-aloe-vera;Único;BRV-GIR-P004;;;;;;36000;36000;0;FALSE
girly-lip-balm;Único;BRV-GIR-P005;;;;;;30000;30000;0;FALSE
girly-lip-liner;Único;BRV-GIR-P006;;;;;;14000;14000;0;FALSE
girly-agua-micelar;Único;BRV-GIR-P007;;;;;;31000;31000;0;FALSE
girly-bruma-facial;Único;BRV-GIR-P008;;;;;;30000;30000;0;FALSE
girly-gel-hidratante-con-aloe-vera;Único;BRV-GIR-P009;;;;;;30000;30000;0;FALSE
girly-mantequilla-corporal;140 g;BRV-GIR-P010;;;;;140;35000;35000;0;FALSE
prosa-pestanina;Fucsia;BRV-PRO-P001;;Fucsia;;;;17000;17000;0;FALSE
prosa-pestanina;Café;BRV-PRO-P002;;Café;;;;17000;17000;0;FALSE
prosa-pestanina;Morada;BRV-PRO-P003;;Morada;;;;17000;17000;0;FALSE
prosa-pestanina;Gris Clara;BRV-PRO-P004;;Gris Clara;;;;17000;17000;0;FALSE
prosa-pestanina;Gris Oscura;BRV-PRO-P005;;Gris Oscura;;;;17000;17000;0;FALSE
prosa-crystal-proteina-gel;Único;BRV-PRO-P006;;;;;;16000;16000;0;FALSE
milagros-shampoo-herbal;Único;BRV-MIL-P001;;;;;;38000;38000;0;FALSE
milagros-acondicionador-herbal;Único;BRV-MIL-P002;;;;;;39000;39000;0;FALSE
milagros-shampoo-emergencia-capilar;Único;BRV-MIL-P003;;;;;;38000;38000;0;FALSE
milagros-tratamiento-emergencia-capilar;Único;BRV-MIL-P004;;;;;;39000;39000;0;FALSE
milagros-shampoo-crecimiento;Único;BRV-MIL-P005;;;;;;39000;39000;0;FALSE
milagros-acondicionador-fortalecedor;Único;BRV-MIL-P006;;;;;;38000;38000;0;FALSE
milagros-shampoo-ultranutritivo;Único;BRV-MIL-P007;;;;;;38000;38000;0;FALSE
milagros-acondicionador-ultranutritivo;Único;BRV-MIL-P008;;;;;;39000;39000;0;FALSE
milagros-bio-repolarizador;Único;BRV-MIL-P009;;;;;;39000;39000;0;FALSE
milagros-terapia-nutricion-y-crecimiento;Único;BRV-MIL-P010;;;;;;39000;39000;0;FALSE
milagros-perfume-capilar;Irresistible (floral) 30 ml;BRV-MIL-P011;;Irresistible (floral);;30;;8000;8000;0;FALSE
milagros-perfume-capilar;Sublime (frutal) 30 ml;BRV-MIL-P012;;Sublime (frutal);;30;;8000;8000;0;FALSE
milagros-perfume-capilar;Majestuosa (cítrico) 30 ml;BRV-MIL-P013;;Majestuosa (cítrico);;30;;8000;8000;0;FALSE
milagros-perfume-capilar;Bali (dulce) 30 ml;BRV-MIL-P014;;Bali (dulce);;30;;8000;8000;0;FALSE
milagros-perfume-capilar;Irresistible (floral) 120 ml;BRV-MIL-P015;;Irresistible (floral);;120;;27000;27000;0;FALSE
milagros-perfume-capilar;Sublime (frutal) 120 ml;BRV-MIL-P016;;Sublime (frutal);;120;;27000;27000;0;FALSE
milagros-perfume-capilar;Majestuosa (cítrico) 120 ml;BRV-MIL-P017;;Majestuosa (cítrico);;120;;27000;27000;0;FALSE
milagros-perfume-capilar;Bali (dulce) 120 ml;BRV-MIL-P018;;Bali (dulce);;120;;27000;27000;0;FALSE
click-hair-shampoo-miel;300 ml;BRV-CLI-P001;;;;300;;40000;40000;0;FALSE
click-hair-acondicionador-miel-brillo;Único;BRV-CLI-P002;;;;;;36000;36000;0;FALSE
click-hair-shampoo-de-aji-cabello-graso;300 ml;BRV-CLI-P003;;;;300;;38000;38000;0;FALSE
click-hair-acondicionador-aji-4-en-1;300 ml;BRV-CLI-P004;;;;300;;38000;38000;0;FALSE
click-hair-set-de-mini-perfume-capilar;7 x 40 ml;BRV-CLI-P005;;;7;40;;40000;40000;0;FALSE
click-hair-perfume-capilar;Rosa / Seduction Flower 120 ml;BRV-CLI-P006;;Rosa / Seduction Flower;;120;;30000;30000;0;FALSE
click-hair-perfume-capilar;Azul / Candy Toy 120 ml;BRV-CLI-P007;;Azul / Candy Toy;;120;;30000;30000;0;FALSE
click-hair-perfume-capilar;Amarillo / Fruit Explosion 120 ml;BRV-CLI-P008;;Amarillo / Fruit Explosion;;120;;30000;30000;0;FALSE
click-hair-perfume-capilar;Verde / Fresh Amber 120 ml;BRV-CLI-P009;;Verde / Fresh Amber;;120;;30000;30000;0;FALSE
click-hair-perfume-capilar;Transparente / Vainilla Glow 120 ml;BRV-CLI-P010;;Transparente / Vainilla Glow;;120;;30000;30000;0;FALSE
click-hair-perfume-capilar;Naranjado / Dream on Paradise 120 ml;BRV-CLI-P011;;Naranjado / Dream on Paradise;;120;;30000;30000;0;FALSE
click-hair-perfume-capilar;Morado / Tropical Crush 120 ml;BRV-CLI-P012;;Morado / Tropical Crush;;120;;30000;30000;0;FALSE
click-hair-perfume-capilar-miel;Miel y Masmelo;BRV-CLI-P013;;Miel y Masmelo;;;;55000;55000;0;FALSE
click-hair-perfume-capilar-miel;Miel y Pistacho;BRV-CLI-P014;;Miel y Pistacho;;;;55000;55000;0;FALSE
click-hair-perfume-capilar-miel;Miel;BRV-CLI-P015;;Miel;;;;55000;55000;0;FALSE
click-hair-miel-capilar;20 ml;BRV-CLI-P016;;;;20;;25000;25000;0;FALSE
click-hair-miel-capilar;50 ml;BRV-CLI-P017;;;;50;;55000;55000;0;FALSE
click-hair-termoprotector-leche-y-miel;Único;BRV-CLI-P018;;;;;;42000;42000;0;FALSE
click-hair-mascarilla-miel-brillo-intenso;300 ml;BRV-CLI-P019;;;;300;;45000;45000;0;FALSE
click-hair-suero-reconstructor;Único;BRV-CLI-P020;;;;;;34000;34000;0;FALSE
antojitos-cepillo-curly-hair;Único;BRV-ANT-P001;;;;;;8000;8000;0;FALSE
antojitos-cepillo-tangle;Color surtido;BRV-ANT-P002;;Color surtido;;;;7000;7000;0;FALSE
antojitos-caiman-flor;Color surtido;BRV-ANT-P003;;Color surtido;;;;3000;3000;0;FALSE
antojitos-pinza-estrella-de-mar;Color surtido;BRV-ANT-P004;;Color surtido;;;;12000;12000;0;FALSE
antojitos-llavero-espejo;Único;BRV-ANT-P005;;;;;;7000;7000;0;FALSE
antojitos-diadema-skin-care;Único;BRV-ANT-P006;;;;;;15000;15000;0;FALSE
antojitos-balaca-skin-care;Diseño surtido;BRV-ANT-P007;;Diseño surtido;;;;10000;10000;0;FALSE
antojitos-papel-absorbente-antigrasa;Único;BRV-ANT-P008;;;;;;5000;5000;0;FALSE
antojitos-toallas-humedas-desmaquillantes;30 unidades;BRV-ANT-P009;;;30;;;5000;5000;0;FALSE
antojitos-agua-micelar-todo-en-1-by-garnier;Único;BRV-ANT-P010;;;;;;28000;28000;0;FALSE
antojitos-pomos-de-algodon;120 unidades;BRV-ANT-P011;;;120;;;9500;9500;0;FALSE
antojitos-parches-para-acne;Único;BRV-ANT-P012;;;;;;5000;5000;0;FALSE
antojitos-parches-anti-acne-estrellas;Único;BRV-ANT-P013;;;;;;6000;6000;0;FALSE
antojitos-parches-anti-acne-cute;Diseño surtido;BRV-ANT-P014;;Diseño surtido;;;;5000;5000;0;FALSE
antojitos-kit-de-brochas-x10-cola-de-sirena;10 unidades;BRV-ANT-P015;;;10;;;16000;16000;0;FALSE
antojitos-set-pomo-aifei-puff-x6;6 unidades;BRV-ANT-P016;;;6;;;4000;4000;0;FALSE
antojitos-set-de-blender-y-borlas;Único;BRV-ANT-P017;;;;;;8000;8000;0;FALSE
antojitos-set-4-blenders;Diseño surtido 4 unidades;BRV-ANT-P018;;Diseño surtido;4;;;8000;8000;0;FALSE
antojitos-set-de-8-borlas;8 unidades;BRV-ANT-P019;;;8;;;7000;7000;0;FALSE
antojitos-espejo-led;Cuadrado;BRV-ANT-P020;;Cuadrado;;;;25000;25000;0;FALSE
antojitos-espejo-led;Redondo;BRV-ANT-P021;;Redondo;;;;25000;25000;0;FALSE
antojitos-kit-cartuchera-purpure;Sunset Paradise;BRV-ANT-P022;;Sunset Paradise;;;;36000;36000;0;FALSE
antojitos-kit-cartuchera-purpure;Donut Crush;BRV-ANT-P023;;Donut Crush;;;;36000;36000;0;FALSE
antojitos-kit-cartuchera-purpure;Candy Bum;BRV-ANT-P024;;Candy Bum;;;;36000;36000;0;FALSE
antojitos-kit-cartuchera-purpure;Pink Champagne;BRV-ANT-P025;;Pink Champagne;;;;36000;36000;0;FALSE
antojitos-kit-cartuchera-purpure;Watermelon;BRV-ANT-P026;;Watermelon;;;;36000;36000;0;FALSE
antojitos-lip-serum-chocolate-kiss;Único;BRV-ANT-P027;;;;;;13000;13000;0;FALSE
antojitos-rizador-de-pestanas;Único;BRV-ANT-P028;;;;;;10000;10000;0;FALSE
antojitos-cosmetiqueras;Diseño surtido;BRV-ANT-P029;;Diseño surtido;;;;20000;20000;0;FALSE
antojitos-estuches-x3;Único;BRV-ANT-P030;;;;;;25000;25000;0;FALSE