brand;name;category;slug;description;catalog_page;variant_count;needs_review;review_note
Ani-k;Pestañina Brown Paradise;Maquillaje;ani-k-pestanina-brown-paradise;Pestañina café a prueba de agua. Rizo intacto todo el día, con largo y volumen.;5;1;;
Ani-k;Gel Fijador de Cejas Freeze Babes;Maquillaje;ani-k-gel-fijador-de-cejas-freeze-babes;Fijador de cejas con aceite de ricino y ácido hialurónico. Peina, define y mantiene cada vello en su lugar.;5;1;;
Ani-k;Polvo Suelto;Maquillaje;ani-k-polvo-suelto;Sella y matifica. Acabado de piel porcelana, impecable y radiante. Libre de parabenos.;6;4;;
Ani-k;Corrector de Ojeras;Maquillaje;ani-k-corrector-de-ojeras;Fórmula vegana, textura cremosa e hidratante. Cobertura media-alta construible sin sensación pesada.;6;6;;
Ani-k;Beauty Blender;Maquillaje;ani-k-beauty-blender;Ideal para aplicar y difuminar productos en crema, logrando un acabado natural.;7;1;;
Ani-k;Borla X2;Accesorios;ani-k-borla-x2;La herramienta perfecta para una piel impecable y perfectamente sellada.;7;1;;
Atenea;Lipstick Balm;Maquillaje;atenea-lipstick-balm;Textura cremosa con acabado luminoso y jugoso. Cobertura media, fórmula hidratante de alto desempeño.;9;6;;
Atenea;Bronzer Cremoso;Maquillaje;atenea-bronzer-cremoso;Stick de textura cremosa, fácil difuminación y alta pigmentación. Construye la tonalidad que desees.;10;2;;
Atenea;Rubor Cremoso;Maquillaje;atenea-rubor-cremoso;Stick cremoso de fácil difuminación y alta pigmentación. También sirve como sombra y labial.;10;4;;
Atenea;Rubor Sublime;Maquillaje;atenea-rubor-sublime;Rubor en polvo de alta pigmentación. Estuche de lujo con espejo, textura suave y color prolongado.;11;7;;
Atenea;Paleta Essential;Maquillaje;atenea-paleta-essential;Paleta multipropósito con rubor mate y satinado, bronzer e iluminador. Alta pigmentación, presentación compacta.;12;1;;
Atenea;Paleta Rose Sublime;Maquillaje;atenea-paleta-rose-sublime;Alta pigmentación y fácil difuminación para crear looks en tendencia.;12;1;;
Atenea;Serum Tinted;Maquillaje;atenea-serum-tinted;Tinta con color de cobertura ligera y acabado luminoso. 1% de ácido hialurónico que hidrata y unifica el tono.;13;6;;
Atenea;Paleta Classic;Maquillaje;atenea-paleta-classic;35 tonos nude, rosados, cafés y shimmer para maquillajes sofisticados, románticos y glam.;14;1;;
Atenea;Paleta Art Deco;Maquillaje;atenea-paleta-art-deco;10 tonos mate y 8 satinados, de alta pigmentación y fácil difuminación.;14;1;;
Atenea;Lip Balm Péptidos;Maquillaje;atenea-lip-balm-peptidos;Nutre, hidrata y da brillo a los labios. Disponible en 5 tonos con aroma.;15;5;;
Atenea;Polvo Suelto Translúcido;Maquillaje;atenea-polvo-suelto-translucido;Polvo suelto translúcido ideal para sellar maquillaje cremoso y matificar el brillo de la piel.;15;1;;
Atenea;Click Lipstick;Maquillaje;atenea-click-lipstick;Formato CLICK que dosifica la cantidad exacta al presionar la base. Textura suave y acabado brillante.;16;11;;
Atenea;Polvo en Gel Matificante;Maquillaje;atenea-polvo-en-gel-matificante;Control inmediato de brillo. Tecnología polvo-gel que se activa al contacto con la piel para un acabado aterciopelado y mate.;17;1;;
Atenea;Polvo Suelto Rosado;Maquillaje;atenea-polvo-suelto-rosado;Sella la zona de la ojera y la conecta con el rubor para un efecto de blush infinito.;17;1;SI;PRECIO CORTADO EN EL PDF ('Valor: $2...'). Verificar.
Atenea;Algodón Luxury Desmaquillante;Accesorios;atenea-algodon-luxury-desmaquillante;Algodones para limpiar excesos de maquillaje o desmaquillarse al final del día.;18;1;;
Atenea;Desinfectante en Spray;Cuidado Corporal;atenea-desinfectante-en-spray;Desinfectante en spray con suave aroma. Perfecto antes y después de comer y para refrescar las manos.;18;3;;
Bloomshell;Corrector My Concealer;Maquillaje;bloomshell-corrector-my-concealer;Corrector de ojeras con cubrimiento e hidratación. Contiene ácido hialurónico y vitamina E. Brocha gruesa.;20;10;;
Bloomshell;Bloom Capuchic;Maquillaje;bloomshell-bloom-capuchic;Brillo hidratante con irresistible aroma a capuchino. Deja los labios suaves y nutridos.;21;1;;
Bloomshell;Bloom Fix;Maquillaje;bloomshell-bloom-fix;Fijador de maquillaje de fórmula ligera y secado rápido. Sella sin resecar la piel.;21;1;;
Bloomshell;Llavero Brillo Hidratante y Tinta;Accesorios;bloomshell-llavero-brillo-hidratante-y-tinta;Llavero que combina practicidad, color vibrante y un toque ultra femenino.;22;1;;
Bloomshell;Bloom Lamination;Maquillaje;bloomshell-bloom-lamination;Cejas definidas, peinadas y con efecto laminado todo el día. Fórmula ligera y resistente al agua.;22;1;;
Montoc;Corrector Serum Humide;Maquillaje;montoc-corrector-serum-humide;Corrector en gel para ojeras, imperfecciones y rojeces. Cobertura media-alta sin resecar la piel.;24;11;;
Montoc;Set x2 Tinta + Corrector;Maquillaje;montoc-set-x2-tinta-corrector;Kit edición limitada: base tipo tinta con retinol vegano y corrector de ojeras en gel de tono más oscuro.;25;2;;
Montoc;Tinta Healthy Foundation;Maquillaje;montoc-tinta-healthy-foundation;Ayuda a hidratar y a unificar el tono de la piel de forma saludable.;25;7;;
Montoc;Rubor Líquido Glow Filter;Maquillaje;montoc-rubor-liquido-glow-filter;Rubor líquido con partículas de brillo. Textura fluida, fácil de difuminar, acabado glow.;26;2;;
Montoc;Fijador Dixy Fix;Maquillaje;montoc-fijador-dixy-fix;Prolonga la duración del maquillaje y controla el brillo. Para pieles normales, mixtas y grasas.;26;2;SI;"El PDF muestra $20.000 para 30ml; el precio de 80ml está cortado. Verificar precio por tamaño."
Montoc;Paleta de Sombras Harmony;Maquillaje;montoc-paleta-de-sombras-harmony;Paleta compacta con seis tonos esenciales en acabados mate y satinados.;27;3;SI;El PDF lista 3 nombres pero describe 6 tonos. Confirmar si son 3 paletas o 6 tonos de una.
Girly;Polvo Suelto;Maquillaje;girly-polvo-suelto;Fija el maquillaje con textura de terciopelo y acabado semi mate. No genera flashback.;29;3;;
Girly;Tónico Facial con Aloe Vera;Cuidado Facial;girly-tonico-facial-con-aloe-vera;Con bakuchiol, péptidos y ácido mandélico. Mejora la textura de la piel y aporta luminosidad.;29;1;;
Girly;Lip Balm;Maquillaje;girly-lip-balm;Tratamiento hidratante y reparador para labios. Con péptidos, aceite de coco y vitamina E.;30;1;;
Girly;Lip Liner;Maquillaje;girly-lip-liner;Colores intensos, fórmula cremosa de larga duración, resistente al agua. Con vitaminas E y C.;30;1;SI;El PDF dice '10 tonos' pero NO los nombra. Faltan los 10 nombres de tono.
Girly;Agua Micelar;Cuidado Facial;girly-agua-micelar;Desmaquillante facial a base de micelas altamente limpiadoras. Fórmula antioxidante e hidratante.;31;1;;
Girly;Bruma Facial;Cuidado Facial;girly-bruma-facial;Hidratación y luminosidad con alantoína, extracto de sandía y ácido hialurónico.;31;1;;
Girly;Gel Hidratante con Áloe Vera;Cuidado Facial;girly-gel-hidratante-con-aloe-vera;Fórmula ligera y de rápida absorción para una hidratación intensa.;32;1;;
Girly;Mantequilla Corporal;Cuidado Corporal;girly-mantequilla-corporal;Con manteca de karité, vitamina E y aceite de coco. Combate la resequedad y deja glow.;32;1;;
Prosa;Pestañina;Maquillaje;prosa-pestanina;Cepillo de silicón de alta definición: separa, alarga y da cuerpo a cada pestaña sin grumos.;34;5;;
Prosa;Crystal Proteína Gel;Cuidado Facial;prosa-crystal-proteina-gel;Tratamiento intensivo en gel con proteínas cristalinas. Fortalece, alarga y da volumen a las pestañas.;34;1;SI;SIN PRECIO en el PDF. Verificar.
Milagros;Shampoo Herbal;Cuidado Capilar;milagros-shampoo-herbal;Fortalece el cabello, controla la grasa, reduce la caída y promueve el crecimiento. Con romero y jengibre.;36;1;;
Milagros;Acondicionador Herbal;Cuidado Capilar;milagros-acondicionador-herbal;Acondiciona y desenreda. Fortalece y restaura con extracto de romero y arroz.;36;1;SI;SIN PRECIO visible en el PDF. Verificar.
Milagros;Shampoo Emergencia Capilar;Cuidado Capilar;milagros-shampoo-emergencia-capilar;Con biotina y queratina. Fortalece desde la raíz y repara la fibra capilar.;37;1;;
Milagros;Tratamiento Emergencia Capilar;Cuidado Capilar;milagros-tratamiento-emergencia-capilar;Revitaliza el cabello en 20 minutos. Repara cabellos dañados y reduce la caída.;37;1;;
Milagros;Shampoo Crecimiento;Cuidado Capilar;milagros-shampoo-crecimiento;Para cabellos estancados o debilitados. Estimula el crecimiento y fortalece desde la raíz.;38;1;;
Milagros;Acondicionador Fortalecedor;Cuidado Capilar;milagros-acondicionador-fortalecedor;Con extracto de cebolla y péptidos. Restaura, fortalece y devuelve el brillo natural.;38;1;;
Milagros;Shampoo Ultranutritivo;Cuidado Capilar;milagros-shampoo-ultranutritivo;Shampoo vegano con cristales de áloe vera y extracto de romero. Disminuye el frizz.;39;1;;
Milagros;Acondicionador Ultranutritivo;Cuidado Capilar;milagros-acondicionador-ultranutritivo;Coctel de aminoácidos y extractos naturales que fortalecen y mejoran la textura del cabello.;39;1;;
Milagros;Bio-Repolarizador;Cuidado Capilar;milagros-bio-repolarizador;Tratamiento capilar con protección UV que no interfiere con tintes ni alisados.;40;1;;
Milagros;Terapia Nutrición y Crecimiento;Cuidado Capilar;milagros-terapia-nutricion-y-crecimiento;Crema de peinar que define rizos y fortalece la fibra capilar. Ideal para método curly.;40;1;;
Milagros;Perfume Capilar;Cuidado Capilar;milagros-perfume-capilar;Ideal para cabellos opacos y sin movimiento. Realza el color natural del cabello.;41;8;SI;PRECIO POR TAMAÑO: 30ml $8.000 / 120ml $27.000. El modelo actual solo soporta un precio por producto.
Click Hair;Shampoo Miel;Cuidado Capilar;click-hair-shampoo-miel;Espuma lujosa que limpia sin resecar. Alta concentración de vitaminas, devuelve luminosidad y vitalidad.;43;1;;
Click Hair;Acondicionador Miel Brillo;Cuidado Capilar;click-hair-acondicionador-miel-brillo;Con miel de abejas, aceite de coco y pantenol. Hidratación intensa y brillo natural.;43;1;SI;SIN PRECIO visible en el PDF. Verificar.
Click Hair;Shampoo de Ají Cabello Graso;Cuidado Capilar;click-hair-shampoo-de-aji-cabello-graso;Con ají, borojó, arroz, limón y células madre. Mejora el crecimiento y detiene la caída.;44;1;;
Click Hair;Acondicionador Ají 4 en 1;Cuidado Capilar;click-hair-acondicionador-aji-4-en-1;Textura cremosa que facilita el desenredo y reduce el frizz sin sensación pesada.;44;1;;
Click Hair;Set de Mini Perfume Capilar;Cuidado Capilar;click-hair-set-de-mini-perfume-capilar;7 aromas de 40 ml cada uno. Cabello perfumado por más de 24 horas.;45;1;;
Click Hair;Perfume Capilar;Cuidado Capilar;click-hair-perfume-capilar;Cabello perfumado por más de 24 horas. Presentación de 120 ml.;45;7;;
Click Hair;Perfume Capilar Miel;Cuidado Capilar;click-hair-perfume-capilar-miel;Toque ligero y adictivo que perfuma, realza el brillo y deja una estela dulce y elegante.;46;3;;
Click Hair;Miel Capilar;Cuidado Capilar;click-hair-miel-capilar;Elixir concentrado de miel 100% natural, aceite de macadamia y argán. Realza el brillo y evita el quiebre.;47;2;SI;PRECIO POR TAMAÑO: 20ml $25.000 / 50ml $55.000. El modelo actual solo soporta un precio por producto.
Click Hair;Termoprotector Leche y Miel;Cuidado Capilar;click-hair-termoprotector-leche-y-miel;Fórmula bifásica con leche y miel. Protege del calor de secador, plancha y pinza mientras desenreda.;47;1;SI;SIN PRECIO visible en el PDF. Verificar.
Click Hair;Mascarilla Miel Brillo Intenso;Cuidado Capilar;click-hair-mascarilla-miel-brillo-intenso;Shot de miel de abejas que repone aminoácidos y proteínas, sella cutículas y repara la fibra.;48;1;;
Click Hair;Suero Reconstructor;Cuidado Capilar;click-hair-suero-reconstructor;Serum termoprotector que blinda y protege la fibra capilar contra agentes externos.;48;1;SI;SIN PRECIO visible en el PDF. Verificar.
Antojitos;Cepillo Curly Hair;Accesorios;antojitos-cepillo-curly-hair;Cepillo perfecto para definir tus rizos fácilmente.;50;1;;
Antojitos;Cepillo Tangle;Accesorios;antojitos-cepillo-tangle;Cepillo desenredante en colores surtidos.;50;1;;
Antojitos;Caimán Flor;Accesorios;antojitos-caiman-flor;Pinza tipo caimán con diseño de flor. Color surtido.;50;1;;
Antojitos;Pinza Estrella de Mar;Accesorios;antojitos-pinza-estrella-de-mar;Pinza decorativa en colores surtidos.;50;1;;
Antojitos;Llavero Espejo;Accesorios;antojitos-llavero-espejo;Espejo doble, uno con aumento.;51;1;;
Antojitos;Diadema Skin Care;Accesorios;antojitos-diadema-skin-care;Diadema para rutina de cuidado facial.;51;1;;
Antojitos;Balaca Skin Care;Accesorios;antojitos-balaca-skin-care;Balaca para rutina facial. Color y diseño surtido.;51;1;;
Antojitos;Papel Absorbente Antigrasa;Accesorios;antojitos-papel-absorbente-antigrasa;Papel matificante para controlar el brillo.;51;1;;
Antojitos;Toallas Húmedas Desmaquillantes;Accesorios;antojitos-toallas-humedas-desmaquillantes;Pañitos desmaquillantes Day Colors x 30 unidades.;52;1;;
Antojitos;Agua Micelar Todo en 1 By Garnier;Cuidado Facial;antojitos-agua-micelar-todo-en-1-by-garnier;Agua micelar Garnier todo en 1.;52;1;;
Antojitos;Pomos de Algodón;Accesorios;antojitos-pomos-de-algodon;Pomos desmaquillantes x 120 unidades.;52;1;;
Antojitos;Parches para Acné;Cuidado Facial;antojitos-parches-para-acne;Parches hidrocoloides para el tratamiento de granitos.;52;1;;
Antojitos;Parches Anti Acné Estrellas;Cuidado Facial;antojitos-parches-anti-acne-estrellas;Parches anti acné con diseño de estrellas.;53;1;;
Antojitos;Parches Anti Acné Cute;Cuidado Facial;antojitos-parches-anti-acne-cute;Parches anti acné con diseño cute surtido.;53;1;;
Antojitos;Kit de Brochas x10 Cola de Sirena;Accesorios;antojitos-kit-de-brochas-x10-cola-de-sirena;Set de 10 brochas de maquillaje diseño cola de sirena.;53;1;;
Antojitos;Set Pomo AIFEI Puff x6;Accesorios;antojitos-set-pomo-aifei-puff-x6;Set de 6 pomos aplicadores.;53;1;;
Antojitos;Set de Blender y Borlas;Accesorios;antojitos-set-de-blender-y-borlas;Set combinado de esponja blender y borlas.;54;1;;
Antojitos;Set 4 Blenders;Accesorios;antojitos-set-4-blenders;Set de 4 esponjas blender, diseño surtido.;54;1;;
Antojitos;Set de 8 Borlas;Accesorios;antojitos-set-de-8-borlas;Set de 8 borlas para sellar el maquillaje.;54;1;;
Antojitos;Espejo LED;Accesorios;antojitos-espejo-led;Espejo con luz LED, diseño cuadrado o redondo.;54;2;;
Antojitos;Kit Cartuchera Purpure;Accesorios;antojitos-kit-cartuchera-purpure;Kit corporal con gel de ducha, mantequilla corporal y splash mini dentro de una cartuchera.;55;5;;
Antojitos;Lip Serum Chocolate Kiss;Maquillaje;antojitos-lip-serum-chocolate-kiss;Lip serum que combina nutrición, brillo y un aroma irresistible a chocolate.;56;1;;
Antojitos;Rizador de Pestañas;Accesorios;antojitos-rizador-de-pestanas;Rizador manual de pestañas.;56;1;;
Antojitos;Cosmetiqueras;Accesorios;antojitos-cosmetiqueras;Cosmetiqueras en diseños y colores surtidos.;56;1;;
Antojitos;Estuches x3;Accesorios;antojitos-estuches-x3;Set de 3 estuches organizadores.;56;1;;